BRAND,MODEL,DEALER,MIN_MILEAGE,MAX_MILEAGE
TESLA,MODEL S,Caetano Power,19202,42828
VW,GOLF,Auto Machado,5940,13139
TESLA,MODEL 3,Cucujães Sport Auto,6464,16700
BMW,X1,Santogal Jump,5502,26082
VW,POLO,Cucujães Sport Auto,7274,43849
VW,EOS,Cucujães Sport Auto,8393,13427
SKODA,OCTAVIA,Caetano Power,5981,16287
VW,POLO,Auto Jamor,10554,23642
SKODA,KAROQ,Auto Jamor,16383,29390
SKODA,KAROQ,Auto Jamor,22958,30334
SEAT,LEON,Caetano Power,16998,48886
PEUGEOUT,208,Santogal Jump,9272,37231
PEUGEOUT,301,Cucujães Sport Auto,8931,18701
TESLA,MODEL 3,Santogal Jump,12827,24073
SKODA,KAROQ,Caetano Power,6905,12162
BMW,X1,Caetano Power,23229,32755
SKODA,OCTAVIA,Cucujães Sport Auto,8132,24748
BMW,X1,Auto Machado,16695,39563
AUDI,A3,Cucujães Sport Auto,13885,35976
PEUGEOUT,308,Santogal Jump,10695,47996
SKODA,OCTAVIA,Auto Jamor,12322,25304
SEAT,Ibiza,Cucujães Sport Auto,21603,35997
BMW,X1,Cucujães Sport Auto,10157,29886
TESLA,MODEL 3,Auto Machado,7762,41583
TESLA,MODEL 3,Auto Jamor,17165,35729
SEAT,Ibiza,Caetano Power,11600,37020
VW,POLO,Auto Jamor,10206,29648
SKODA,OCTAVIA,Santogal Jump,17143,32029
SKODA,OCTAVIA,Auto Jamor,7736,16128
AUDI,A4,Auto Machado,6415,32417
BMW,X1,Caetano Power,11468,42613
VW,POLO,Caetano Power,12838,49735
AUDI,A3,Auto Jamor,20076,28655
PEUGEOUT,3008,Cucujães Sport Auto,19635,20188
SKODA,OCTAVIA,Caetano Power,5937,37916
BMW,X1,Auto Jamor,13447,29297
BMW,X1,Caetano Power,18675,25552
TESLA,MODEL 3,Cucujães Sport Auto,18606,29436
SEAT,Ibiza,Cucujães Sport Auto,14483,16391
TESLA,MODEL 3,Cucujães Sport Auto,18253,22995
PEUGEOUT,3008,Cucujães Sport Auto,18761,29733
AUDI,A3,Santogal Jump,19026,18776
BMW,X1,Auto Jamor,16112,14384
VW,GOLF,Santogal Jump,5924,20200
PEUGEOUT,3008,Cucujães Sport Auto,23130,22584
VW,GOLF,Santogal Jump,17620,30264
AUDI,A1,Auto Machado,19819,22241
BMW,X1,Santogal Jump,13918,17992
TESLA,MODEL S,Cucujães Sport Auto,9349,43832
BMW,X1,Auto Machado,14493,17346
AUDI,A1,Auto Machado,8034,41812
VW,GOLF,Auto Machado,21610,24886
SKODA,OCTAVIA,Auto Jamor,13777,48365
VW,GOLF,Santogal Jump,7704,34352
TESLA,MODEL S,Auto Machado,9127,23086
BMW,X1,Cucujães Sport Auto,17494,13803
VW,GOLF,Caetano Power,5682,22386
AUDI,A1,Auto Jamor,14993,18183
AUDI,A1,Auto Machado,17211,37291
PEUGEOUT,3008,Santogal Jump,7370,12910
VW,GOLF,Santogal Jump,5858,31075
SEAT,Ibiza,Caetano Power,6340,12866
BMW,X1,Caetano Power,8832,39627
TESLA,MODEL X,Auto Machado,19475,21945
BMW,X1,Auto Machado,17304,14327
BMW,X1,Caetano Power,21254,10278
SEAT,LEON,Caetano Power,11443,10250
TESLA,MODEL X,Caetano Power,8427,12312
VW,GOLF,Auto Jamor,19678,19019
AUDI,A1,Santogal Jump,18852,23859
SKODA,OCTAVIA,Auto Jamor,11353,36751
AUDI,A1,Santogal Jump,8968,10508
VW,POLO,Auto Jamor,16745,38751
SKODA,OCTAVIA,Santogal Jump,9112,10679
PEUGEOUT,3008,Santogal Jump,23312,29243
AUDI,Q2,Cucujães Sport Auto,8879,46595
AUDI,A1,Auto Jamor,18701,46458
SKODA,OCTAVIA,Santogal Jump,20712,31117
AUDI,Q2,Santogal Jump,6389,20979
PEUGEOUT,3008,Auto Jamor,12213,28491
VW,POLO,Caetano Power,15642,23916
TESLA,MODEL X,Cucujães Sport Auto,7703,29052
PEUGEOUT,3008,Cucujães Sport Auto,17691,46370
PEUGEOUT,3008,Santogal Jump,13907,25624
SKODA,KAROQ,Auto Machado,14206,35573
VW,POLO,Santogal Jump,14673,30800
PEUGEOUT,3008,Santogal Jump,11870,12285
PEUGEOUT,308,Santogal Jump,5542,18901
PEUGEOUT,308,Cucujães Sport Auto,9186,40188
BMW,X1,Santogal Jump,18000,27120
AUDI,Q2,Santogal Jump,16382,27327
BMW,X1,Santogal Jump,6015,33457
BMW,X1,Auto Machado,22737,20885
BMW,X1,Santogal Jump,20759,35465
TESLA,MODEL X,Auto Jamor,23361,34885
SEAT,LEON,Caetano Power,7687,31662
TESLA,MODEL S,Auto Machado,18873,32171
AUDI,Q3,Santogal Jump,14325,14992
PEUGEOUT,308,Cucujães Sport Auto,9846,10402
VW,POLO,Auto Jamor,11382,39128
AUDI,Q3,Auto Jamor,5820,28091
SEAT,LEON,Auto Machado,18176,46301
BMW,1 Series,Auto Machado,12888,20238
AUDI,Q3,Cucujães Sport Auto,20149,40520
TESLA,MODEL S,Auto Machado,21083,35948
SEAT,LEON,Auto Machado,11429,27481
BMW,1 Series,Auto Machado,15757,28717
VW,POLO,Auto Machado,9107,17943
SKODA,KAROQ,Auto Machado,19667,29027
VW,POLO,Auto Jamor,7575,11727
PEUGEOUT,308,Caetano Power,20310,24842
AUDI,Q3,Cucujães Sport Auto,20560,17865
SKODA,KAROQ,Caetano Power,21858,21431
BMW,1 Series,Auto Jamor,15380,45853
PEUGEOUT,308,Cucujães Sport Auto,20094,17160
SKODA,KAROQ,Caetano Power,17860,14930
SKODA,OCTAVIA,Auto Machado,8555,41694
TESLA,MODEL S,Santogal Jump,7088,15209
PEUGEOUT,3008,Santogal Jump,6697,39223
AUDI,Q3,Santogal Jump,19560,47722
SKODA,OCTAVIA,Santogal Jump,21493,16479
PEUGEOUT,3008,Auto Machado,22070,16643
SKODA,OCTAVIA,Caetano Power,7994,25590
PEUGEOUT,3008,Caetano Power,15351,11699
TESLA,MODEL S,Caetano Power,7364,27021
AUDI,A1,Santogal Jump,14476,11459
PEUGEOUT,3008,Auto Jamor,11762,27506
VW,POLO,Auto Machado,21613,27150
PEUGEOUT,308,Cucujães Sport Auto,13166,43598
VW,POLO,Auto Machado,17018,39767
AUDI,Q3,Caetano Power,23456,12514
BMW,1 Series,Auto Jamor,13681,32153
SEAT,LEON,Auto Jamor,9310,40604
PEUGEOUT,308,Cucujães Sport Auto,9915,45211
VW,POLO,Auto Jamor,16208,41673
BMW,1 Series,Santogal Jump,10500,26228
TESLA,MODEL S,Santogal Jump,12097,39575
BMW,1 Series,Santogal Jump,20979,33686
SKODA,OCTAVIA,Auto Machado,13692,27534
TESLA,MODEL S,Santogal Jump,9628,38875
SEAT,LEON,Auto Jamor,15346,46638
PEUGEOUT,308,Auto Jamor,22735,46786
TESLA,MODEL S,Santogal Jump,6402,21628
VW,POLO,Santogal Jump,12384,23371
PEUGEOUT,308,Auto Jamor,8697,44008
SKODA,OCTAVIA,Caetano Power,20317,12977
BMW,1 Series,Auto Machado,17866,33465
PEUGEOUT,308,Santogal Jump,9947,21378
PEUGEOUT,308,Auto Machado,20800,49239
PEUGEOUT,308,Cucujães Sport Auto,19360,47107
AUDI,Q3,Auto Jamor,5567,48780
AUDI,A1,Auto Machado,13185,13896
TESLA,MODEL S,Auto Machado,14787,45222
SKODA,KAROQ,Cucujães Sport Auto,20191,35248
AUDI,A1,Cucujães Sport Auto,19095,17386
TESLA,MODEL S,Caetano Power,8782,44435
BMW,1 Series,Cucujães Sport Auto,9672,30591
PEUGEOUT,301,Santogal Jump,18561,33201
TESLA,MODEL S,Cucujães Sport Auto,11641,36562
SKODA,KAROQ,Auto Machado,9136,32448
VW,POLO,Santogal Jump,12512,30717
PEUGEOUT,301,Cucujães Sport Auto,7285,18184
SEAT,LEON,Santogal Jump,20217,15108
BMW,1 Series,Auto Jamor,22687,16030
BMW,1 Series,Auto Jamor,20025,25298
SEAT,Ibiza,Santogal Jump,16450,47544
TESLA,MODEL S,Auto Jamor,13346,11656
VW,POLO,Cucujães Sport Auto,20556,37971
VW,POLO,Auto Machado,21301,44507
BMW,1 Series,Cucujães Sport Auto,22800,11803
BMW,1 Series,Auto Machado,23379,47959
TESLA,MODEL S,Caetano Power,14642,30960
VW,POLO,Cucujães Sport Auto,22952,10255
PEUGEOUT,301,Caetano Power,12935,34429
SEAT,Ibiza,Auto Machado,16390,23748
AUDI,A3,Caetano Power,18868,27262
PEUGEOUT,301,Caetano Power,14032,21042
SEAT,Ibiza,Santogal Jump,19012,42438
BMW,1 Series,Caetano Power,23100,18803
PEUGEOUT,301,Santogal Jump,10646,39080
AUDI,A3,Auto Machado,14920,32732
SEAT,Ibiza,Cucujães Sport Auto,19012,22898
TESLA,MODEL S,Caetano Power,16052,29297
TESLA,MODEL S,Auto Machado,19106,31270
TESLA,MODEL S,Cucujães Sport Auto,16143,42488
SKODA,KAROQ,Caetano Power,5790,16249
TESLA,MODEL 3,Auto Machado,19494,33893
PEUGEOUT,301,Caetano Power,14140,44359
BMW,1 Series,Auto Machado,13219,37362
SEAT,Ibiza,Cucujães Sport Auto,14503,35540
SKODA,KAROQ,Auto Machado,19806,44566
AUDI,A3,Caetano Power,14385,29593
AUDI,A3,Santogal Jump,17373,14486
VW,POLO,Auto Jamor,15373,45314
SEAT,Ibiza,Santogal Jump,11392,14605
AUDI,A3,Santogal Jump,12376,18993
AUDI,A3,Auto Jamor,20425,28275
BMW,1 Series,Auto Jamor,8054,39849
TESLA,MODEL 3,Cucujães Sport Auto,15455,27293
SKODA,KAROQ,Caetano Power,14357,49599
TESLA,MODEL 3,Auto Jamor,8133,31373
TESLA,MODEL 3,Cucujães Sport Auto,21075,35271
BMW,1 Series,Cucujães Sport Auto,6506,19574
VW,POLO,Santogal Jump,13646,19989
SKODA,KAROQ,Cucujães Sport Auto,5577,33367
SEAT,Ibiza,Auto Jamor,20453,39705
SEAT,Ibiza,Auto Jamor,9538,28318
PEUGEOUT,301,Auto Machado,22309,16791
TESLA,MODEL 3,Caetano Power,14734,10047
AUDI,A3,Caetano Power,18705,10817
VW,POLO,Cucujães Sport Auto,11291,30102
SEAT,Ibiza,Santogal Jump,20553,41943
BMW,1 Series,Caetano Power,9247,29159
PEUGEOUT,301,Auto Jamor,20331,27816
BMW,1 Series,Caetano Power,21195,25603
AUDI,A3,Auto Machado,20692,22903
BMW,1 Series,Auto Machado,18599,45240
PEUGEOUT,301,Cucujães Sport Auto,12214,28012
BMW,X1,Cucujães Sport Auto,22470,24186
VW,POLO,Cucujães Sport Auto,14469,22173
VW,POLO,Cucujães Sport Auto,13552,24883
VW,POLO,Santogal Jump,16410,23203
PEUGEOUT,301,Santogal Jump,22924,15072
VW,POLO,Caetano Power,8179,40576
PEUGEOUT,301,Cucujães Sport Auto,8822,37977
SKODA,KAROQ,Cucujães Sport Auto,12514,31765
PEUGEOUT,301,Cucujães Sport Auto,11207,16051
VW,POLO,Auto Machado,10878,32667
SKODA,KAROQ,Auto Jamor,9027,31487
SEAT,Ibiza,Santogal Jump,22382,33295
PEUGEOUT,301,Cucujães Sport Auto,16296,18872
BMW,X1,Caetano Power,18367,41995
SKODA,KAROQ,Cucujães Sport Auto,16512,22869
AUDI,A3,Caetano Power,14268,19523
SEAT,Ibiza,Caetano Power,16244,28166
PEUGEOUT,301,Caetano Power,12337,41636
AUDI,A3,Santogal Jump,13529,45487
SEAT,Ibiza,Cucujães Sport Auto,6887,24875
VW,POLO,Auto Jamor,23344,35299
TESLA,MODEL 3,Auto Jamor,17394,36384
SKODA,KAROQ,Auto Machado,12171,20273
SEAT,Ibiza,Santogal Jump,15846,24837
BMW,X1,Auto Jamor,20178,26766
BMW,X1,Auto Jamor,16848,20789
SEAT,Ibiza,Caetano Power,9827,24703
AUDI,A3,Santogal Jump,18331,36395
TESLA,MODEL 3,Cucujães Sport Auto,10849,10951
TESLA,MODEL 3,Santogal Jump,23283,45834
SKODA,KAROQ,Auto Machado,12337,46067
SKODA,KAROQ,Cucujães Sport Auto,21095,47970
TESLA,MODEL 3,Cucujães Sport Auto,9246,49525
PEUGEOUT,301,Auto Jamor,13843,35028
VW,POLO,Cucujães Sport Auto,14921,15339
BMW,X1,Caetano Power,6758,24886
PEUGEOUT,301,Cucujães Sport Auto,20312,42754
SKODA,KAROQ,Cucujães Sport Auto,11995,17539
BMW,X1,Caetano Power,16655,14305
PEUGEOUT,301,Auto Jamor,13439,46838
SEAT,Ibiza,Santogal Jump,8324,49549
TESLA,MODEL 3,Cucujães Sport Auto,10392,40760
TESLA,MODEL 3,Caetano Power,19009,32710
VW,POLO,Cucujães Sport Auto,10646,13531
SKODA,KAROQ,Cucujães Sport Auto,8927,42576
SKODA,KAROQ,Cucujães Sport Auto,21074,42866
SKODA,KAROQ,Auto Machado,16297,15438
VW,POLO,Auto Jamor,15454,41398
PEUGEOUT,301,Auto Jamor,5923,14446
BMW,X1,Cucujães Sport Auto,6133,16308
VW,POLO,Auto Machado,23028,37628
PEUGEOUT,208,Caetano Power,19146,17577
PEUGEOUT,208,Cucujães Sport Auto,18541,22469
PEUGEOUT,208,Cucujães Sport Auto,16568,14291
SEAT,Ibiza,Cucujães Sport Auto,5541,12131
TESLA,MODEL 3,Santogal Jump,14645,41369
PEUGEOUT,208,Caetano Power,16078,29387
SEAT,Ibiza,Auto Machado,11422,21164
SEAT,Ibiza,Cucujães Sport Auto,9348,34958
AUDI,A3,Caetano Power,10491,26446
SKODA,KAROQ,Santogal Jump,6576,13815
BMW,X1,Auto Jamor,15140,17377
PEUGEOUT,208,Auto Machado,19506,49151
SEAT,Ibiza,Auto Jamor,12482,23847
VW,POLO,Santogal Jump,9021,30566
SKODA,KAROQ,Auto Jamor,7152,44470
AUDI,A1,Auto Jamor,19165,45927
SKODA,KAROQ,Auto Machado,20874,27275
VW,POLO,Caetano Power,16085,12841
TESLA,MODEL 3,Cucujães Sport Auto,13481,46957
VW,POLO,Cucujães Sport Auto,13631,16967
AUDI,A3,Caetano Power,11739,40844
SKODA,KAROQ,Caetano Power,14469,15042
SEAT,Ibiza,Santogal Jump,7037,27677
SKODA,KAROQ,Auto Machado,18535,46590
TESLA,MODEL 3,Santogal Jump,13545,38506
AUDI,A1,Caetano Power,15820,40131
SKODA,KAROQ,Santogal Jump,13760,20180
SKODA,KAROQ,Santogal Jump,22231,22994
PEUGEOUT,208,Santogal Jump,7247,46114
BMW,X1,Auto Jamor,7946,39388
VW,POLO,Caetano Power,19321,44335
SKODA,KAROQ,Cucujães Sport Auto,14309,24039
AUDI,A1,Cucujães Sport Auto,19338,11652
BMW,X1,Auto Jamor,11642,43104
PEUGEOUT,208,Caetano Power,21124,34852
TESLA,MODEL 3,Caetano Power,9875,34290
SKODA,KAROQ,Auto Jamor,11938,22353
SEAT,Ibiza,Auto Jamor,15102,40233
TESLA,MODEL 3,Auto Jamor,8517,18536
PEUGEOUT,208,Auto Jamor,18697,34997
TESLA,MODEL 3,Auto Machado,15077,40391
TESLA,MODEL 3,Cucujães Sport Auto,19687,24874
PEUGEOUT,208,Auto Jamor,14858,35551
SEAT,Ibiza,Auto Jamor,20783,40990
PEUGEOUT,208,Auto Machado,6767,49532
VW,POLO,Santogal Jump,20523,45602
VW,POLO,Caetano Power,10606,11905
BMW,X1,Auto Machado,20014,35224
TESLA,MODEL 3,Auto Jamor,12572,49699
SEAT,Ibiza,Cucujães Sport Auto,9178,33861
PEUGEOUT,308,Auto Machado,7107,46284
SEAT,Ibiza,Cucujães Sport Auto,9907,39638
PEUGEOUT,308,Santogal Jump,7846,14056
SKODA,KAROQ,Caetano Power,6103,38093
SEAT,Ibiza,Auto Jamor,12801,19182
SEAT,Ibiza,Auto Jamor,8907,45436
VW,POLO,Auto Jamor,6149,35029
AUDI,A1,Santogal Jump,7783,44097
VW,POLO,Santogal Jump,17324,10397
BMW,X1,Auto Jamor,10311,32204
PEUGEOUT,308,Cucujães Sport Auto,12136,18021
SKODA,KAROQ,Caetano Power,17667,20723
SKODA,KAROQ,Auto Machado,12850,23221
VW,POLO,Caetano Power,17984,37637
PEUGEOUT,308,Cucujães Sport Auto,21559,22394
SEAT,Ibiza,Auto Machado,7880,30207
VW,POLO,Caetano Power,11650,14894
AUDI,A1,Cucujães Sport Auto,13841,46029
AUDI,A1,Santogal Jump,11381,27837
PEUGEOUT,308,Santogal Jump,21197,32404
BMW,X1,Auto Machado,6106,37102
TESLA,MODEL 3,Caetano Power,16250,42302
AUDI,A1,Caetano Power,19891,37825
SEAT,Ibiza,Auto Machado,9778,45196
VW,POLO,Santogal Jump,22602,31061
SKODA,KAROQ,Cucujães Sport Auto,18375,25811
VW,POLO,Santogal Jump,17055,22976
BMW,X1,Auto Machado,14113,39996
TESLA,MODEL 3,Cucujães Sport Auto,8080,34204
AUDI,Q2,Auto Machado,23248,17567
PEUGEOUT,308,Auto Jamor,13711,14004
AUDI,Q2,Santogal Jump,13690,31267
TESLA,MODEL 3,Auto Machado,10220,44616
SKODA,KAROQ,Auto Jamor,21207,23323
SEAT,Ibiza,Auto Jamor,10919,42128
VW,POLO,Santogal Jump,21980,19296
AUDI,Q2,Santogal Jump,18146,20427
TESLA,MODEL 3,Auto Machado,22737,45955
VW,POLO,Auto Jamor,15491,13885
TESLA,MODEL 3,Santogal Jump,18197,39861
TESLA,MODEL 3,Caetano Power,21761,12828
PEUGEOUT,308,Caetano Power,22202,26918
AUDI,Q2,Caetano Power,11800,18816
SKODA,KAROQ,Cucujães Sport Auto,23285,14762
AUDI,Q2,Santogal Jump,8242,32461
SEAT,Ibiza,Santogal Jump,5513,32046
VW,POLO,Cucujães Sport Auto,15374,27563
SKODA,KAROQ,Cucujães Sport Auto,21603,11254
SKODA,KAROQ,Caetano Power,16653,33529
TESLA,MODEL 3,Santogal Jump,19898,34262
VW,POLO,Caetano Power,18323,44566
PEUGEOUT,308,Caetano Power,5592,36494
TESLA,MODEL 3,Cucujães Sport Auto,5739,17401
TESLA,MODEL 3,Santogal Jump,11975,29310
SEAT,Ibiza,Cucujães Sport Auto,20494,43535
SEAT,Ibiza,Caetano Power,20246,16922
AUDI,Q2,Auto Machado,9663,38486
BMW,X1,Auto Machado,22909,23800
PEUGEOUT,308,Cucujães Sport Auto,13065,49440
VW,POLO,Cucujães Sport Auto,13524,40868
PEUGEOUT,308,Auto Machado,14763,14556
TESLA,MODEL 3,Cucujães Sport Auto,13916,28758
SEAT,Ibiza,Caetano Power,12966,17241
BMW,X1,Cucujães Sport Auto,20579,46411
PEUGEOUT,308,Auto Jamor,21383,48648
SKODA,KAROQ,Santogal Jump,8356,23302
PEUGEOUT,308,Auto Jamor,7434,21694
SEAT,Ibiza,Cucujães Sport Auto,8054,23572
VW,POLO,Auto Machado,11112,29885
BMW,X1,Cucujães Sport Auto,9137,14197
VW,POLO,Cucujães Sport Auto,20083,48544
AUDI,Q2,Caetano Power,11061,11343
SEAT,Ibiza,Cucujães Sport Auto,7387,14370
TESLA,MODEL 3,Cucujães Sport Auto,14931,46661
BMW,X5,Auto Machado,23290,49940
VW,POLO,Santogal Jump,12326,24934
BMW,X5,Auto Jamor,21197,22414
SKODA,KAROQ,Caetano Power,17516,47087
TESLA,MODEL 3,Santogal Jump,21480,33325
BMW,X5,Santogal Jump,17145,19536
PEUGEOUT,308,Santogal Jump,14793,34139
AUDI,Q2,Auto Machado,7452,40341
TESLA,MODEL 3,Auto Machado,20217,38893
TESLA,MODEL 3,Auto Machado,5754,45423
BMW,X5,Santogal Jump,20577,28839
AUDI,Q2,Cucujães Sport Auto,22046,49706
PEUGEOUT,308,Cucujães Sport Auto,17571,47454
SEAT,Ibiza,Caetano Power,16598,19839
VW,POLO,Auto Machado,7226,27880
PEUGEOUT,308,Caetano Power,19139,42536
SEAT,Ibiza,Caetano Power,21521,15004
VW,POLO,Auto Jamor,13805,25809
AUDI,A1,Caetano Power,7307,29336
PEUGEOUT,308,Santogal Jump,8249,22907
AUDI,A1,Auto Jamor,10714,48093
SEAT,Ibiza,Caetano Power,14788,26094
AUDI,A1,Caetano Power,14721,42170
PEUGEOUT,308,Cucujães Sport Auto,12773,39335
PEUGEOUT,308,Auto Jamor,14894,27489
SKODA,KAROQ,Cucujães Sport Auto,18863,19535
BMW,X5,Santogal Jump,15663,31608
PEUGEOUT,308,Caetano Power,10558,37939
SEAT,Ibiza,Auto Machado,23448,36990
AUDI,A1,Santogal Jump,23135,33579
TESLA,MODEL 3,Auto Machado,16167,35726
BMW,X5,Auto Machado,22249,16321
PEUGEOUT,308,Auto Jamor,21660,14519
VW,POLO,Santogal Jump,12514,49684
SKODA,KAROQ,Auto Jamor,19352,35184
VW,POLO,Santogal Jump,16147,22434
PEUGEOUT,308,Auto Machado,14486,46996
TESLA,MODEL 3,Auto Jamor,10888,45969
AUDI,A1,Auto Machado,17243,19549
AUDI,A1,Caetano Power,18042,19466
SEAT,Ibiza,Auto Jamor,8834,23188
VW,POLO,Cucujães Sport Auto,12629,15157
TESLA,MODEL 3,Caetano Power,8444,44926
SKODA,KAROQ,Caetano Power,20853,26981
TESLA,MODEL 3,Santogal Jump,5808,28156
AUDI,A1,Cucujães Sport Auto,19015,35914
AUDI,A1,Auto Jamor,14467,34427
SEAT,Ibiza,Cucujães Sport Auto,19463,35554
PEUGEOUT,308,Auto Jamor,12979,29141
VW,POLO,Santogal Jump,11954,27584
BMW,X5,Cucujães Sport Auto,16681,22326
SKODA,KAROQ,Auto Jamor,21915,31302
TESLA,MODEL 3,Auto Jamor,15806,12427
BMW,X5,Auto Machado,14825,35436
TESLA,MODEL 3,Caetano Power,7681,44782
TESLA,MODEL 3,Caetano Power,6675,37976
PEUGEOUT,308,Cucujães Sport Auto,22312,30615
VW,POLO,Caetano Power,21808,44262
TESLA,MODEL 3,Santogal Jump,23198,22583
BMW,X5,Auto Machado,11033,23158
SEAT,Ibiza,Auto Jamor,6499,46210
PEUGEOUT,308,Santogal Jump,18299,12755
TESLA,MODEL 3,Auto Jamor,8266,19144
VW,POLO,Caetano Power,19549,10735
AUDI,A1,Auto Jamor,20261,40188
SEAT,Ibiza,Caetano Power,6121,44622
AUDI,A1,Santogal Jump,18262,48245
SKODA,KAROQ,Caetano Power,21861,37480
SKODA,KAROQ,Auto Jamor,8344,23363
TESLA,MODEL 3,Santogal Jump,16582,22714
SEAT,Ibiza,Cucujães Sport Auto,13325,14693
AUDI,A1,Cucujães Sport Auto,6957,21533
AUDI,A1,Santogal Jump,14821,36657
PEUGEOUT,308,Auto Jamor,10215,23192
SKODA,KAROQ,Cucujães Sport Auto,6399,41519
PEUGEOUT,308,Cucujães Sport Auto,7276,20457
SKODA,KAROQ,Santogal Jump,7619,16488
BMW,X5,Santogal Jump,7924,21905
PEUGEOUT,308,Auto Jamor,20454,23607
VW,POLO,Auto Jamor,13495,40762
TESLA,MODEL 3,Auto Machado,10879,29070
SEAT,Ibiza,Cucujães Sport Auto,22509,10319
BMW,X5,Auto Machado,14370,46703
VW,POLO,Cucujães Sport Auto,18889,29808
SKODA,KAROQ,Auto Jamor,7090,14936
SEAT,Ibiza,Auto Machado,11663,47563
PEUGEOUT,308,Santogal Jump,16711,33133
BMW,X5,Auto Machado,22794,17640
AUDI,A1,Cucujães Sport Auto,15694,21183
TESLA,MODEL 3,Caetano Power,22051,35720
PEUGEOUT,308,Cucujães Sport Auto,14755,39241
AUDI,A1,Auto Machado,17448,35374
VW,POLO,Caetano Power,6529,42147
BMW,X5,Santogal Jump,6103,25564
TESLA,MODEL 3,Santogal Jump,7351,20443
VW,POLO,Auto Machado,8528,17292
AUDI,A1,Auto Machado,16266,12521
BMW,X5,Auto Machado,8897,40371
SEAT,Ibiza,Santogal Jump,11879,12368
SKODA,KAROQ,Caetano Power,16347,23706
PEUGEOUT,308,Cucujães Sport Auto,13610,45870
PEUGEOUT,308,Caetano Power,13975,10932
SEAT,Ibiza,Santogal Jump,6930,45345
SKODA,KAROQ,Auto Machado,5600,29669
AUDI,A1,Santogal Jump,7870,25592
AUDI,A1,Cucujães Sport Auto,15025,22681
SEAT,Ibiza,Caetano Power,6816,34739
AUDI,A1,Santogal Jump,22962,19233
VW,POLO,Auto Jamor,21924,43171
BMW,X5,Auto Jamor,11212,14911
VW,POLO,Auto Machado,11164,23810
SKODA,KAROQ,Auto Jamor,18301,38189
AUDI,A1,Santogal Jump,8250,47049
AUDI,A1,Cucujães Sport Auto,7346,12037
AUDI,A1,Auto Machado,6584,23597
VW,POLO,Auto Machado,17067,28835
PEUGEOUT,308,Caetano Power,19437,18534
SKODA,KAROQ,Caetano Power,23167,26783
BMW,X5,Auto Machado,12479,14731
PEUGEOUT,308,Cucujães Sport Auto,9966,15991
TESLA,MODEL 3,Santogal Jump,10631,36953
PEUGEOUT,308,Auto Jamor,21141,19790
SEAT,Ibiza,Auto Machado,15486,18513
PEUGEOUT,308,Santogal Jump,15824,26989
SKODA,KAROQ,Santogal Jump,5786,28951
PEUGEOUT,308,Auto Machado,14676,48628
PEUGEOUT,308,Cucujães Sport Auto,18141,15515
PEUGEOUT,308,Caetano Power,9095,47526
SKODA,KAROQ,Caetano Power,20484,49973
AUDI,A1,Auto Machado,8678,38170
VW,POLO,Cucujães Sport Auto,8026,28833
PEUGEOUT,308,Santogal Jump,8624,37055
SKODA,KAROQ,Caetano Power,8570,21342
AUDI,A1,Cucujães Sport Auto,22464,36761
VW,POLO,Auto Jamor,9910,24888
TESLA,MODEL 3,Caetano Power,21544,46693
BMW,X5,Cucujães Sport Auto,13758,48048
BMW,X5,Santogal Jump,13262,37521
SKODA,KAROQ,Auto Jamor,13689,12187
PEUGEOUT,308,Santogal Jump,5964,47754
AUDI,A1,Auto Jamor,8120,25009
PEUGEOUT,308,Caetano Power,14276,38435
SKODA,KAROQ,Santogal Jump,14064,43666
AUDI,A1,Cucujães Sport Auto,18035,47986
TESLA,MODEL 3,Santogal Jump,21928,25589
VW,POLO,Santogal Jump,14948,19828
PEUGEOUT,308,Cucujães Sport Auto,8306,13252
TESLA,MODEL 3,Cucujães Sport Auto,10545,11154
SKODA,KAROQ,Auto Jamor,13801,35476
TESLA,MODEL 3,Caetano Power,20022,43279
BMW,X5,Caetano Power,18526,47660
SEAT,Ibiza,Cucujães Sport Auto,21711,48828
SEAT,Ibiza,Auto Jamor,18734,19242
SKODA,KAROQ,Caetano Power,10913,46660
TESLA,MODEL 3,Santogal Jump,10267,32245
BMW,X5,Santogal Jump,18808,13604
AUDI,A1,Auto Jamor,14910,47506
PEUGEOUT,308,Auto Machado,17146,24219
PEUGEOUT,308,Auto Machado,11579,39754
TESLA,MODEL 3,Auto Machado,14052,31369
SKODA,KAROQ,Santogal Jump,14812,16977
TESLA,MODEL 3,Cucujães Sport Auto,5954,30790
TESLA,MODEL 3,Caetano Power,13438,21176
BMW,X5,Auto Jamor,8032,46610
BMW,X5,Santogal Jump,15153,41693
PEUGEOUT,308,Cucujães Sport Auto,9171,27652
SEAT,Ibiza,Auto Machado,15752,30299
SEAT,Ibiza,Auto Jamor,18109,23378
SEAT,Ibiza,Auto Jamor,12779,32755
VW,POLO,Santogal Jump,23146,49317
AUDI,A1,Auto Jamor,6190,32746
PEUGEOUT,308,Cucujães Sport Auto,6635,35724
TESLA,MODEL 3,Auto Machado,20587,21674
AUDI,A1,Auto Jamor,7299,11083
AUDI,A1,Auto Jamor,16644,47982
BMW,X5,Santogal Jump,14951,44311
PEUGEOUT,308,Santogal Jump,7049,36298
VW,POLO,Cucujães Sport Auto,6420,36829
VW,POLO,Cucujães Sport Auto,21934,23928
BMW,X5,Santogal Jump,7934,27874
SKODA,KAROQ,Cucujães Sport Auto,13776,48068
TESLA,MODEL 3,Auto Jamor,22121,45691
PEUGEOUT,308,Santogal Jump,9436,17899
VW,POLO,Caetano Power,8779,19657
AUDI,A1,Auto Jamor,10408,24322
SKODA,KAROQ,Caetano Power,15254,33526
VW,POLO,Auto Machado,12846,49676
SEAT,Ibiza,Auto Jamor,7843,10455
VW,POLO,Auto Machado,13849,42697
PEUGEOUT,308,Auto Jamor,8715,36186
TESLA,MODEL 3,Santogal Jump,18791,32125
PEUGEOUT,308,Caetano Power,8436,43491
BMW,X5,Santogal Jump,22083,27537
SEAT,Ibiza,Caetano Power,23275,21092
BMW,X5,Auto Jamor,14044,22122
PEUGEOUT,308,Cucujães Sport Auto,12704,33413
AUDI,A1,Auto Jamor,12060,25996
PEUGEOUT,308,Auto Machado,6362,38271
PEUGEOUT,308,Cucujães Sport Auto,15420,48991
SEAT,Ibiza,Auto Machado,6198,22370
TESLA,MODEL 3,Cucujães Sport Auto,16307,36801
SKODA,KAROQ,Auto Jamor,11469,30510
SEAT,Ibiza,Auto Jamor,20826,42371
TESLA,MODEL 3,Auto Jamor,8136,37199
TESLA,MODEL 3,Santogal Jump,17283,42269
TESLA,MODEL 3,Auto Jamor,23320,25406
AUDI,A1,Santogal Jump,15291,34888
SEAT,Ibiza,Auto Jamor,12655,33761
TESLA,MODEL 3,Cucujães Sport Auto,18248,36911
PEUGEOUT,308,Auto Machado,21415,19264
SKODA,KAROQ,Caetano Power,20879,28004
AUDI,A1,Caetano Power,19003,41996
AUDI,A1,Santogal Jump,16215,13782
SEAT,Ibiza,Caetano Power,18849,41102
TESLA,MODEL 3,Caetano Power,11978,18354
AUDI,A1,Auto Jamor,9464,30847
SEAT,Ibiza,Auto Jamor,11519,13263
AUDI,A1,Cucujães Sport Auto,19294,38692
AUDI,A1,Auto Machado,6684,35680
VW,POLO,Santogal Jump,11399,28170
AUDI,A1,Auto Jamor,18170,49853
PEUGEOUT,308,Caetano Power,11476,48630
SKODA,KAROQ,Cucujães Sport Auto,13255,33658
AUDI,A3,Cucujães Sport Auto,23393,27720
SEAT,Ibiza,Caetano Power,11847,45813
TESLA,MODEL 3,Santogal Jump,13691,23668
SEAT,Ibiza,Cucujães Sport Auto,13460,43732
SEAT,Ibiza,Santogal Jump,19126,11133
TESLA,MODEL 3,Caetano Power,17478,12103
SKODA,KAROQ,Cucujães Sport Auto,6787,13363
BMW,X5,Auto Machado,22442,13459
SEAT,Ibiza,Auto Jamor,14300,35609
BMW,i3,Auto Machado,14479,16505
VW,POLO,Caetano Power,20454,16701
SEAT,Ibiza,Auto Jamor,8775,15509
AUDI,A3,Auto Jamor,17175,17064
TESLA,MODEL 3,Caetano Power,14536,44009
PEUGEOUT,308,Cucujães Sport Auto,20646,31442
SKODA,KAROQ,Santogal Jump,14348,16131
AUDI,A3,Auto Machado,15744,24630
SKODA,KAROQ,Caetano Power,17278,18812
AUDI,A3,Cucujães Sport Auto,12355,38494
PEUGEOUT,308,Auto Machado,15756,48172
VW,POLO,Caetano Power,18848,28539
SEAT,Ibiza,Caetano Power,22522,33356
SEAT,Ibiza,Auto Jamor,12311,18333
PEUGEOUT,308,Caetano Power,8684,41115
PEUGEOUT,308,Santogal Jump,18128,44381
SKODA,KAROQ,Auto Jamor,18433,48165
SKODA,KAROQ,Caetano Power,22584,13433
TESLA,MODEL X,Auto Machado,6443,16016
PEUGEOUT,308,Cucujães Sport Auto,9588,10350
SKODA,KAROQ,Santogal Jump,6353,49913
BMW,i3,Auto Machado,21350,34313
BMW,i3,Auto Jamor,9693,37666
SEAT,Ibiza,Caetano Power,22427,43736
BMW,i3,Auto Jamor,21954,42385
TESLA,MODEL X,Auto Jamor,6090,29509
VW,POLO,Cucujães Sport Auto,6132,27235
SKODA,KAROQ,Auto Machado,22824,48609
PEUGEOUT,308,Cucujães Sport Auto,21025,38521
SEAT,Ibiza,Auto Machado,13592,15739
SEAT,Ibiza,Auto Jamor,16840,13828
BMW,i3,Auto Machado,11399,31894
VW,POLO,Santogal Jump,13315,45555
PEUGEOUT,308,Cucujães Sport Auto,12102,10052
VW,POLO,Cucujães Sport Auto,8666,11613
AUDI,A3,Auto Machado,8736,42948
PEUGEOUT,308,Cucujães Sport Auto,12833,46198
SEAT,Ibiza,Auto Jamor,14807,49131
SEAT,Ibiza,Cucujães Sport Auto,9790,34688
PEUGEOUT,308,Cucujães Sport Auto,9599,28440
TESLA,MODEL X,Auto Jamor,20334,36971
SKODA,KAROQ,Caetano Power,18291,19460
SKODA,KAROQ,Auto Jamor,14172,27380
AUDI,A3,Caetano Power,21122,13723
PEUGEOUT,308,Auto Machado,21507,42723
AUDI,A3,Santogal Jump,15920,20935
VW,POLO,Santogal Jump,17896,46695
SKODA,KAROQ,Caetano Power,22882,37304
TESLA,MODEL X,Auto Machado,8526,41992
SKODA,KAROQ,Cucujães Sport Auto,23126,23517
PEUGEOUT,308,Santogal Jump,12421,12464
AUDI,A3,Auto Jamor,20830,45636
TESLA,MODEL X,Auto Machado,9480,22196
SKODA,KAROQ,Auto Jamor,15543,19473
PEUGEOUT,308,Auto Machado,22945,24892
AUDI,A3,Auto Jamor,7702,17432
VW,POLO,Auto Machado,17170,30273
PEUGEOUT,308,Caetano Power,22738,28277
SEAT,Ibiza,Cucujães Sport Auto,9391,42618
SEAT,Ibiza,Caetano Power,10913,40034
SEAT,Ibiza,Cucujães Sport Auto,16973,33730
AUDI,A3,Auto Jamor,9596,19386
PEUGEOUT,308,Caetano Power,16266,18578
AUDI,A3,Caetano Power,12529,13423
TESLA,MODEL X,Auto Jamor,5752,31979
TESLA,MODEL X,Santogal Jump,14776,37571
TESLA,MODEL X,Santogal Jump,22059,15102
BMW,i3,Auto Jamor,20251,13525
BMW,i3,Caetano Power,21966,16056
PEUGEOUT,308,Cucujães Sport Auto,15440,48317
VW,POLO,Cucujães Sport Auto,5987,19499
BMW,i3,Auto Jamor,15638,38535
BMW,i3,Cucujães Sport Auto,9076,27693
BMW,i3,Cucujães Sport Auto,18794,32195
SKODA,KAROQ,Santogal Jump,16089,35941
SEAT,Ibiza,Cucujães Sport Auto,7889,21784
AUDI,A3,Auto Jamor,16304,48853
SKODA,KAROQ,Caetano Power,10513,29354
SEAT,Ibiza,Cucujães Sport Auto,19674,45126
AUDI,A3,Cucujães Sport Auto,21075,30548
SKODA,KAROQ,Santogal Jump,20652,12531
BMW,i3,Caetano Power,5904,16807
VW,POLO,Caetano Power,5570,47935
VW,POLO,Caetano Power,19152,47686
PEUGEOUT,308,Santogal Jump,20159,45363
TESLA,MODEL X,Auto Machado,8732,40904
SEAT,Ibiza,Cucujães Sport Auto,21981,23909
TESLA,MODEL X,Santogal Jump,7328,31879
BMW,i3,Cucujães Sport Auto,21866,13489
VW,POLO,Cucujães Sport Auto,6931,26220
SKODA,KAROQ,Auto Jamor,19300,41866
BMW,i3,Auto Machado,8388,27553
VW,POLO,Cucujães Sport Auto,20809,21616
AUDI,A3,Caetano Power,13658,16582
SEAT,LEON,Auto Machado,9861,45838
SEAT,LEON,Cucujães Sport Auto,13864,35777
SEAT,LEON,Santogal Jump,11643,43701
SEAT,LEON,Auto Machado,21733,18792
AUDI,A3,Cucujães Sport Auto,21010,32417
AUDI,A3,Santogal Jump,6976,13766
AUDI,Q3,Santogal Jump,6746,26015
AUDI,Q3,Cucujães Sport Auto,13054,44986
SEAT,LEON,Cucujães Sport Auto,7439,12189
PEUGEOUT,308,Auto Machado,7323,42779
TESLA,MODEL X,Cucujães Sport Auto,19552,43784
TESLA,MODEL 3,Auto Machado,5971,39181
BMW,i3,Caetano Power,17015,45700
BMW,i3,Auto Jamor,23342,36910
PEUGEOUT,308,Cucujães Sport Auto,12102,13017
BMW,i3,Cucujães Sport Auto,15210,19941
SEAT,LEON,Caetano Power,14585,13591
VW,POLO,Cucujães Sport Auto,20527,18419
PEUGEOUT,308,Santogal Jump,17461,34943
SEAT,LEON,Cucujães Sport Auto,22604,33053
SKODA,KAROQ,Caetano Power,9857,14249
VW,GOLF,Auto Machado,20412,13345
BMW,i3,Caetano Power,13660,18799
AUDI,Q3,Caetano Power,17239,31530
BMW,i3,Santogal Jump,19647,26811
PEUGEOUT,308,Santogal Jump,17676,20100
SKODA,KAROQ,Auto Machado,11530,45833
AUDI,Q3,Cucujães Sport Auto,9952,17514
PEUGEOUT,308,Auto Jamor,21054,47497
SKODA,KAROQ,Caetano Power,16244,20761
VW,GOLF,Auto Jamor,19411,28421
AUDI,Q2,Caetano Power,18996,38477
SEAT,LEON,Auto Machado,7159,21324
AUDI,Q2,Cucujães Sport Auto,13086,28747
SEAT,LEON,Auto Jamor,8929,27247
SKODA,KAROQ,Cucujães Sport Auto,12383,47172
PEUGEOUT,308,Santogal Jump,8507,38054
SKODA,KAROQ,Santogal Jump,8670,13436
BMW,i3,Caetano Power,6074,36800
TESLA,MODEL 3,Auto Jamor,8193,41397
SEAT,LEON,Caetano Power,17061,24133
SKODA,KAROQ,Auto Jamor,12000,47316
SKODA,KAROQ,Caetano Power,18418,41916
TESLA,MODEL 3,Cucujães Sport Auto,22829,32190
SKODA,KAROQ,Caetano Power,5687,13828
VW,GOLF,Caetano Power,18781,36463
VW,GOLF,Caetano Power,18344,15379
SEAT,LEON,Caetano Power,9484,42684
VW,GOLF,Caetano Power,11735,14988
PEUGEOUT,308,Santogal Jump,14427,25182
SKODA,KAROQ,Santogal Jump,21120,44759
VW,GOLF,Santogal Jump,14100,23671
VW,GOLF,Auto Machado,21543,18066
BMW,i3,Cucujães Sport Auto,7335,39835
AUDI,Q2,Cucujães Sport Auto,10212,26887
PEUGEOUT,308,Caetano Power,10292,20476
PEUGEOUT,308,Auto Jamor,10617,39261
TESLA,MODEL 3,Auto Jamor,18828,12703
SKODA,KAROQ,Auto Jamor,5851,39565
PEUGEOUT,308,Santogal Jump,10733,34758
VW,POLO,Santogal Jump,20840,27343
SKODA,KAROQ,Auto Jamor,19469,42823
AUDI,Q2,Auto Jamor,20010,29376
AUDI,Q2,Cucujães Sport Auto,8483,10725
BMW,i3,Caetano Power,14180,30040
PEUGEOUT,308,Santogal Jump,16882,37872
SKODA,KAROQ,Auto Jamor,10613,12029
SKODA,KAROQ,Auto Jamor,11304,38424
SEAT,LEON,Auto Machado,23196,48799
SEAT,LEON,Auto Jamor,8215,16117
PEUGEOUT,308,Cucujães Sport Auto,9041,25844
BMW,i3,Santogal Jump,18184,25352
TESLA,MODEL 3,Caetano Power,20452,42149
SEAT,LEON,Auto Jamor,10915,15083
PEUGEOUT,308,Cucujães Sport Auto,23234,36519
SKODA,KAROQ,Caetano Power,15529,37420
AUDI,Q2,Auto Machado,10972,35008
VW,POLO,Santogal Jump,18419,13094
TESLA,MODEL 3,Cucujães Sport Auto,8161,47598
BMW,i3,Auto Machado,21505,18383
SKODA,KAROQ,Auto Machado,16997,32662
AUDI,Q2,Santogal Jump,21007,45387
BMW,i3,Santogal Jump,20985,10527
SKODA,KAROQ,Auto Machado,11027,26676
AUDI,Q2,Caetano Power,13999,23750
VW,POLO,Auto Jamor,17783,12457
SKODA,KAROQ,Cucujães Sport Auto,6501,47796
VW,POLO,Caetano Power,15498,10447
AUDI,Q2,Cucujães Sport Auto,5726,28690
VW,POLO,Caetano Power,12370,48565
VW,POLO,Auto Machado,18155,34519
SKODA,KAROQ,Auto Machado,7675,19947
VW,EOS,Auto Machado,15933,40516
SKODA,KAROQ,Auto Jamor,14474,46731
SKODA,OCTAVIA,Caetano Power,20313,36794
PEUGEOUT,308,Caetano Power,20843,49649
SKODA,OCTAVIA,Caetano Power,19798,20774
VW,EOS,Auto Machado,10072,31150
SEAT,LEON,Auto Machado,16988,41711
AUDI,A1,Santogal Jump,21447,17970
BMW,i3,Caetano Power,19183,28150
AUDI,A1,Auto Jamor,8863,43024
PEUGEOUT,308,Caetano Power,16710,25842
VW,EOS,Auto Machado,10317,25390
SKODA,OCTAVIA,Auto Machado,21776,34837
SKODA,OCTAVIA,Cucujães Sport Auto,5927,37622
BMW,i3,Santogal Jump,17780,24680
SEAT,LEON,Auto Machado,5900,18789
PEUGEOUT,308,Caetano Power,6131,32067
SKODA,OCTAVIA,Caetano Power,14469,10054
VW,EOS,Cucujães Sport Auto,10761,23153
SKODA,OCTAVIA,Auto Jamor,5932,39838
PEUGEOUT,308,Caetano Power,5501,35955
SKODA,OCTAVIA,Caetano Power,7390,40542
TESLA,MODEL 3,Caetano Power,6797,30971
SKODA,OCTAVIA,Auto Machado,22874,48901
VW,GOLF,Santogal Jump,13322,33327
PEUGEOUT,308,Santogal Jump,13418,18241
TESLA,MODEL S,Santogal Jump,18304,39718
VW,GOLF,Cucujães Sport Auto,8206,20925
PEUGEOUT,308,Auto Machado,19010,13427
AUDI,A1,Santogal Jump,12622,29264
BMW,i3,Cucujães Sport Auto,6309,20706
SKODA,KAROQ,Cucujães Sport Auto,13219,33184
TESLA,MODEL S,Caetano Power,11701,11795
AUDI,A1,Auto Jamor,5808,39867
AUDI,A1,Cucujães Sport Auto,17327,15041
BMW,i3,Santogal Jump,22577,41171
VW,GOLF,Cucujães Sport Auto,10777,30026
AUDI,A3,Santogal Jump,6344,29668
TESLA,MODEL S,Caetano Power,8603,19764
SEAT,Ibiza,Santogal Jump,16862,49429
BMW,i3,Santogal Jump,20010,33191
SEAT,Ibiza,Auto Machado,10600,38071
BMW,i3,Auto Machado,19687,38350
AUDI,A1,Auto Machado,22306,44544
VW,EOS,Santogal Jump,18101,29198
TESLA,MODEL S,Santogal Jump,10133,14505
BMW,i3,Auto Machado,20124,15392
SEAT,Ibiza,Auto Machado,17391,46596
VW,EOS,Auto Jamor,14592,23370
PEUGEOUT,308,Auto Machado,13186,32889
VW,EOS,Caetano Power,15940,46984
TESLA,MODEL S,Caetano Power,20035,46790
SEAT,Ibiza,Auto Jamor,7634,11671
BMW,i3,Caetano Power,5650,20634
VW,EOS,Auto Machado,7985,33525
SKODA,KAROQ,Caetano Power,18159,40717
AUDI,A3,Caetano Power,11982,30911
TESLA,MODEL X,Caetano Power,17572,37241
PEUGEOUT,308,Santogal Jump,21719,25482
BMW,i3,Santogal Jump,17500,35116
BMW,i3,Auto Jamor,21561,35070
PEUGEOUT,208,Auto Jamor,9078,11748
BMW,i3,Santogal Jump,14381,43110
TESLA,MODEL 3,Auto Machado,12569,40704
AUDI,A3,Auto Machado,11997,35783
BMW,i3,Cucujães Sport Auto,17377,49545
VW,EOS,Santogal Jump,19742,11536
SEAT,Ibiza,Cucujães Sport Auto,19177,32489
AUDI,A3,Santogal Jump,18998,45545
TESLA,MODEL S,Cucujães Sport Auto,14394,26749
PEUGEOUT,208,Cucujães Sport Auto,21464,36757
AUDI,A3,Santogal Jump,22094,19826